k_value,phi_k
2.1,0.0
2.2,0.0
2.3,0.0
2.4,0.0
2.5,0.0
2.6,0.0
2.7,0.0
2.8,0.0
2.9,0.0
3.0,0.0
3.1,0.0
3.2,0.0
3.3,0.0
3.4,0.0
3.5,0.0
3.6,0.0056421518602353974
3.7,0.0
3.8,0.006211464869423473
3.9,0.0
4.0,0.032357498254073504
4.1,0.06672891970980013
4.2,0.012870135392494068
4.3,0.11575387230244126
4.4,0.0632765331539792
4.5,0.24206722614910992
4.6,0.09431960738153938
4.7,0.2709180391352037
4.8,0.08985455179169505
4.9,0.0
5.0,0.0
